Clusters,Priority,Current Demand,15 Min Demand,30 Min Demand,45 Min Demand,60 Min Demand,Current Supply,15 Min Supply,30 Min Supply,45 Min Supply,60 Min Supply
Supply,,,,,,,1,2,3,4,5
hospital,1,6.8684000968933105,6.947396278381348,6.9465789794921875,7.007239818572998,7.0107951164245605,,,,,
biolab,1,5.300137996673584,5.325193405151367,5.334501266479492,5.352295398712158,5.368324279785156,,,,,
dorm1,2,638.1300048828125,671.199462890625,675.8396606445312,682.3828735351562,691.8474731445312,,,,,
dorm2,2,5.300137996673584,5.36064338684082,5.374974727630615,5.388126373291016,5.399435997009277,,,,,
gym,3,638.1300048828125,662.8287963867188,665.5775756835938,670.0616455078125,676.3755493164062,,,,,
lab,3,5.300137996673584,5.304121494293213,5.265490531921387,5.278324604034424,5.261162757873535,,,,,
