Clusters,Priority,Current Demand,15 Min Demand,30 Min Demand,45 Min Demand,60 Min Demand,Current Supply,15 Min Supply,30 Min Supply,45 Min Supply,60 Min Supply
Supply,,,,,,,1,2,3,4,5
hospital,6.8684000968933105,6.914815425872803,6.927267074584961,6.9659342765808105,6.984745502471924,,,,,,
biolab,5.300137996673584,5.218231678009033,5.200981140136719,5.148442268371582,5.11664342880249,,,,,,
dorm1,638.1300048828125,641.4706420898438,638.4674682617188,635.8419189453125,632.2390747070312,,,,,,
dorm2,5.300137996673584,5.302048206329346,5.310747146606445,5.312366962432861,5.312298774719238,,,,,,
gym,638.1300048828125,658.8701171875,662.4871215820312,667.9490966796875,671.3988037109375,,,,,,
lab,5.300137996673584,5.480435371398926,5.508308410644531,5.577540397644043,5.67203426361084,,,,,,
