Clusters,Priority,Current Demand,60 Min Demand,120 Min Demand,180 Min Demand,240 Min Demand,Current Supply,60 Min Supply,120 Min Supply,180 Min Supply,240 Min Supply
,,,,,,,1200,1200,1200,1200,1200
hospital,1,6.8684000968933105,6.717550754547119,6.633254528045654,6.526625633239746,6.442421913146973,,
biolab,1,5.300137996673584,5.3495683670043945,5.366181373596191,5.40043830871582,5.420407772064209,,
dorm1,2,638.1300048828125,663.157958984375,669.0814819335938,672.3161010742188,678.961181640625,,
dorm2,2,5.300137996673584,5.677186012268066,5.888312816619873,6.096968650817871,6.274046421051025,,
gym,3,638.1300048828125,648.8388061523438,649.3837890625,648.6884765625,647.0791015625,,
lab,3,5.300137996673584,5.344981670379639,5.345793724060059,5.366727352142334,5.385926723480225,,
